<?xml version="1.0" encoding="UTF-8"?><?xml-stylesheet type='text/xsl' href='_UpgradeReport_Files/UpgradeReport.xslt'?><UpgradeLog>
<Properties><Property Name="Solution" Value="TicketPurchase">
</Property><Property Name="Solution File" Value="D:\BASIS Training\Course Content\Couse Content of OOP\1. C# Fundamental\Part1\TicketPurchase\TicketPurchase.sln">
</Property><Property Name="User Options File" Value="D:\BASIS Training\Course Content\Couse Content of OOP\1. C# Fundamental\Part1\TicketPurchase\TicketPurchase.suo">
</Property><Property Name="Date" Value="Friday, June 01, 2012">
</Property><Property Name="Time" Value="10:09 AM">
</Property></Properties><Event ErrorLevel="0" Project="" Source="TicketPurchase.sln" Description="File successfully backed up as D:\BASIS Training\Course Content\Couse Content of OOP\1. C# Fundamental\Part1\TicketPurchase\Backup\TicketPurchase.sln">
</Event><Event ErrorLevel="0" Project="" Source="TicketPurchase.suo" Description="File successfully backed up as D:\BASIS Training\Course Content\Couse Content of OOP\1. C# Fundamental\Part1\TicketPurchase\Backup\TicketPurchase.suo">
</Event><Event ErrorLevel="0" Project="TicketPurchase" Source="TicketPurchase\TicketPurchase.csproj" Description="Project file successfully backed up as D:\BASIS Training\Course Content\Couse Content of OOP\1. C# Fundamental\Part1\TicketPurchase\Backup\TicketPurchase\TicketPurchase.csproj">
</Event><Event ErrorLevel="0" Project="TicketPurchase" Source="TicketPurchase\PurchaseTicketUI.cs" Description="File successfully backed up as D:\BASIS Training\Course Content\Couse Content of OOP\1. C# Fundamental\Part1\TicketPurchase\Backup\TicketPurchase\PurchaseTicketUI.cs">
</Event><Event ErrorLevel="0" Project="TicketPurchase" Source="TicketPurchase\PurchaseTicketUI.Designer.cs" Description="File successfully backed up as D:\BASIS Training\Course Content\Couse Content of OOP\1. C# Fundamental\Part1\TicketPurchase\Backup\TicketPurchase\PurchaseTicketUI.Designer.cs">
</Event><Event ErrorLevel="0" Project="TicketPurchase" Source="TicketPurchase\Program.cs" Description="File successfully backed up as D:\BASIS Training\Course Content\Couse Content of OOP\1. C# Fundamental\Part1\TicketPurchase\Backup\TicketPurchase\Program.cs">
</Event><Event ErrorLevel="0" Project="TicketPurchase" Source="TicketPurchase\Properties\AssemblyInfo.cs" Description="File successfully backed up as D:\BASIS Training\Course Content\Couse Content of OOP\1. C# Fundamental\Part1\TicketPurchase\Backup\TicketPurchase\Properties\AssemblyInfo.cs">
</Event><Event ErrorLevel="0" Project="TicketPurchase" Source="TicketPurchase\Properties\Resources.Designer.cs" Description="File successfully backed up as D:\BASIS Training\Course Content\Couse Content of OOP\1. C# Fundamental\Part1\TicketPurchase\Backup\TicketPurchase\Properties\Resources.Designer.cs">
</Event><Event ErrorLevel="0" Project="TicketPurchase" Source="TicketPurchase\Properties\Settings.Designer.cs" Description="File successfully backed up as D:\BASIS Training\Course Content\Couse Content of OOP\1. C# Fundamental\Part1\TicketPurchase\Backup\TicketPurchase\Properties\Settings.Designer.cs">
</Event><Event ErrorLevel="0" Project="TicketPurchase" Source="TicketPurchase\Properties\Settings.settings" Description="File successfully backed up as D:\BASIS Training\Course Content\Couse Content of OOP\1. C# Fundamental\Part1\TicketPurchase\Backup\TicketPurchase\Properties\Settings.settings">
</Event><Event ErrorLevel="0" Project="TicketPurchase" Source="TicketPurchase\PurchaseTicketUI.resx" Description="File successfully backed up as D:\BASIS Training\Course Content\Couse Content of OOP\1. C# Fundamental\Part1\TicketPurchase\Backup\TicketPurchase\PurchaseTicketUI.resx">
</Event><Event ErrorLevel="0" Project="TicketPurchase" Source="TicketPurchase\Properties\Resources.resx" Description="File successfully backed up as D:\BASIS Training\Course Content\Couse Content of OOP\1. C# Fundamental\Part1\TicketPurchase\Backup\TicketPurchase\Properties\Resources.resx">
</Event><Event ErrorLevel="1" Project="TicketPurchase" Source="TicketPurchase\TicketPurchase.csproj" Description="Your project is targeting .NET Framework 2.0 or 3.0. If your project uses assemblies requiring a newer .NET Framework, your project will fail to build. You can change the .NET Framework version by clicking Properties on the project menu and then selecting a new version in the '.NET Framework' dropdown box. (In Visual Basic, this is located on the Compile tab by clicking the 'Advanced Compiler Options...' button.)">
</Event><Event ErrorLevel="0" Project="TicketPurchase" Source="TicketPurchase\TicketPurchase.csproj" Description="Project converted successfully">
</Event><Event ErrorLevel="3" Project="TicketPurchase" Source="TicketPurchase\TicketPurchase.csproj" Description="Converted">
</Event><Event ErrorLevel="0" Project="" Source="TicketPurchase.sln" Description="Solution converted successfully">
</Event><Event ErrorLevel="3" Project="" Source="TicketPurchase.sln" Description="Converted">
</Event><Event ErrorLevel="0" Project="TicketPurchase" Source="TicketPurchase\TicketPurchase.csproj" Description="Scan complete: Upgrade not required for project files.">
</Event></UpgradeLog>