<?xml version="1.0" encoding="UTF-8"?><?xml-stylesheet type='text/xsl' href='_UpgradeReport_Files/UpgradeReport.xslt'?><UpgradeLog>
<Properties><Property Name="Solution" Value="FirstDesktopApplication">
</Property><Property Name="Solution File" Value="D:\BASIS Training\Course Content\Couse Content of OOP\1. C# Fundamental\Part2\FirstDesktopApplication\FirstDesktopApplication.sln">
</Property><Property Name="User Options File" Value="D:\BASIS Training\Course Content\Couse Content of OOP\1. C# Fundamental\Part2\FirstDesktopApplication\FirstDesktopApplication.suo">
</Property><Property Name="Date" Value="Friday, June 01, 2012">
</Property><Property Name="Time" Value="14:31 PM">
</Property></Properties><Event ErrorLevel="0" Project="" Source="FirstDesktopApplication.sln" Description="File successfully backed up as D:\BASIS Training\Course Content\Couse Content of OOP\1. C# Fundamental\Part2\FirstDesktopApplication\Backup\FirstDesktopApplication.sln">
</Event><Event ErrorLevel="0" Project="" Source="FirstDesktopApplication.suo" Description="File successfully backed up as D:\BASIS Training\Course Content\Couse Content of OOP\1. C# Fundamental\Part2\FirstDesktopApplication\Backup\FirstDesktopApplication.suo">
</Event><Event ErrorLevel="0" Project="FirstDesktopApplication" Source="FirstDesktopApplication\FirstDesktopApplication.csproj" Description="Project file successfully backed up as D:\BASIS Training\Course Content\Couse Content of OOP\1. C# Fundamental\Part2\FirstDesktopApplication\Backup\FirstDesktopApplication\FirstDesktopApplication.csproj">
</Event><Event ErrorLevel="0" Project="FirstDesktopApplication" Source="FirstDesktopApplication\AddUI.cs" Description="File successfully backed up as D:\BASIS Training\Course Content\Couse Content of OOP\1. C# Fundamental\Part2\FirstDesktopApplication\Backup\FirstDesktopApplication\AddUI.cs">
</Event><Event ErrorLevel="0" Project="FirstDesktopApplication" Source="FirstDesktopApplication\AddUI.Designer.cs" Description="File successfully backed up as D:\BASIS Training\Course Content\Couse Content of OOP\1. C# Fundamental\Part2\FirstDesktopApplication\Backup\FirstDesktopApplication\AddUI.Designer.cs">
</Event><Event ErrorLevel="0" Project="FirstDesktopApplication" Source="FirstDesktopApplication\ConditionalStatementPracticeUI.cs" Description="File successfully backed up as D:\BASIS Training\Course Content\Couse Content of OOP\1. C# Fundamental\Part2\FirstDesktopApplication\Backup\FirstDesktopApplication\ConditionalStatementPracticeUI.cs">
</Event><Event ErrorLevel="0" Project="FirstDesktopApplication" Source="FirstDesktopApplication\ConditionalStatementPracticeUI.Designer.cs" Description="File successfully backed up as D:\BASIS Training\Course Content\Couse Content of OOP\1. C# Fundamental\Part2\FirstDesktopApplication\Backup\FirstDesktopApplication\ConditionalStatementPracticeUI.Designer.cs">
</Event><Event ErrorLevel="0" Project="FirstDesktopApplication" Source="FirstDesktopApplication\Form1.cs" Description="File successfully backed up as D:\BASIS Training\Course Content\Couse Content of OOP\1. C# Fundamental\Part2\FirstDesktopApplication\Backup\FirstDesktopApplication\Form1.cs">
</Event><Event ErrorLevel="0" Project="FirstDesktopApplication" Source="FirstDesktopApplication\Form1.Designer.cs" Description="File successfully backed up as D:\BASIS Training\Course Content\Couse Content of OOP\1. C# Fundamental\Part2\FirstDesktopApplication\Backup\FirstDesktopApplication\Form1.Designer.cs">
</Event><Event ErrorLevel="0" Project="FirstDesktopApplication" Source="FirstDesktopApplication\IterationStatementUI.cs" Description="File successfully backed up as D:\BASIS Training\Course Content\Couse Content of OOP\1. C# Fundamental\Part2\FirstDesktopApplication\Backup\FirstDesktopApplication\IterationStatementUI.cs">
</Event><Event ErrorLevel="0" Project="FirstDesktopApplication" Source="FirstDesktopApplication\IterationStatementUI.Designer.cs" Description="File successfully backed up as D:\BASIS Training\Course Content\Couse Content of OOP\1. C# Fundamental\Part2\FirstDesktopApplication\Backup\FirstDesktopApplication\IterationStatementUI.Designer.cs">
</Event><Event ErrorLevel="0" Project="FirstDesktopApplication" Source="FirstDesktopApplication\Program.cs" Description="File successfully backed up as D:\BASIS Training\Course Content\Couse Content of OOP\1. C# Fundamental\Part2\FirstDesktopApplication\Backup\FirstDesktopApplication\Program.cs">
</Event><Event ErrorLevel="0" Project="FirstDesktopApplication" Source="FirstDesktopApplication\Properties\AssemblyInfo.cs" Description="File successfully backed up as D:\BASIS Training\Course Content\Couse Content of OOP\1. C# Fundamental\Part2\FirstDesktopApplication\Backup\FirstDesktopApplication\Properties\AssemblyInfo.cs">
</Event><Event ErrorLevel="0" Project="FirstDesktopApplication" Source="FirstDesktopApplication\Properties\Resources.Designer.cs" Description="File successfully backed up as D:\BASIS Training\Course Content\Couse Content of OOP\1. C# Fundamental\Part2\FirstDesktopApplication\Backup\FirstDesktopApplication\Properties\Resources.Designer.cs">
</Event><Event ErrorLevel="0" Project="FirstDesktopApplication" Source="FirstDesktopApplication\Properties\Settings.Designer.cs" Description="File successfully backed up as D:\BASIS Training\Course Content\Couse Content of OOP\1. C# Fundamental\Part2\FirstDesktopApplication\Backup\FirstDesktopApplication\Properties\Settings.Designer.cs">
</Event><Event ErrorLevel="0" Project="FirstDesktopApplication" Source="FirstDesktopApplication\SwitchExamples.cs" Description="File successfully backed up as D:\BASIS Training\Course Content\Couse Content of OOP\1. C# Fundamental\Part2\FirstDesktopApplication\Backup\FirstDesktopApplication\SwitchExamples.cs">
</Event><Event ErrorLevel="0" Project="FirstDesktopApplication" Source="FirstDesktopApplication\SwitchExamples.Designer.cs" Description="File successfully backed up as D:\BASIS Training\Course Content\Couse Content of OOP\1. C# Fundamental\Part2\FirstDesktopApplication\Backup\FirstDesktopApplication\SwitchExamples.Designer.cs">
</Event><Event ErrorLevel="0" Project="FirstDesktopApplication" Source="FirstDesktopApplication\Properties\Settings.settings" Description="File successfully backed up as D:\BASIS Training\Course Content\Couse Content of OOP\1. C# Fundamental\Part2\FirstDesktopApplication\Backup\FirstDesktopApplication\Properties\Settings.settings">
</Event><Event ErrorLevel="0" Project="FirstDesktopApplication" Source="FirstDesktopApplication\AddUI.resx" Description="File successfully backed up as D:\BASIS Training\Course Content\Couse Content of OOP\1. C# Fundamental\Part2\FirstDesktopApplication\Backup\FirstDesktopApplication\AddUI.resx">
</Event><Event ErrorLevel="0" Project="FirstDesktopApplication" Source="FirstDesktopApplication\ConditionalStatementPracticeUI.resx" Description="File successfully backed up as D:\BASIS Training\Course Content\Couse Content of OOP\1. C# Fundamental\Part2\FirstDesktopApplication\Backup\FirstDesktopApplication\ConditionalStatementPracticeUI.resx">
</Event><Event ErrorLevel="0" Project="FirstDesktopApplication" Source="FirstDesktopApplication\Form1.resx" Description="File successfully backed up as D:\BASIS Training\Course Content\Couse Content of OOP\1. C# Fundamental\Part2\FirstDesktopApplication\Backup\FirstDesktopApplication\Form1.resx">
</Event><Event ErrorLevel="0" Project="FirstDesktopApplication" Source="FirstDesktopApplication\IterationStatementUI.resx" Description="File successfully backed up as D:\BASIS Training\Course Content\Couse Content of OOP\1. C# Fundamental\Part2\FirstDesktopApplication\Backup\FirstDesktopApplication\IterationStatementUI.resx">
</Event><Event ErrorLevel="0" Project="FirstDesktopApplication" Source="FirstDesktopApplication\Properties\Resources.resx" Description="File successfully backed up as D:\BASIS Training\Course Content\Couse Content of OOP\1. C# Fundamental\Part2\FirstDesktopApplication\Backup\FirstDesktopApplication\Properties\Resources.resx">
</Event><Event ErrorLevel="0" Project="FirstDesktopApplication" Source="FirstDesktopApplication\FirstDesktopApplication.csproj" Description="Project converted successfully">
</Event><Event ErrorLevel="3" Project="FirstDesktopApplication" Source="FirstDesktopApplication\FirstDesktopApplication.csproj" Description="Converted">
</Event><Event ErrorLevel="0" Project="" Source="FirstDesktopApplication.sln" Description="Solution converted successfully">
</Event><Event ErrorLevel="3" Project="" Source="FirstDesktopApplication.sln" Description="Converted">
</Event><Event ErrorLevel="0" Project="FirstDesktopApplication" Source="FirstDesktopApplication\FirstDesktopApplication.csproj" Description="Scan complete: Upgrade not required for project files.">
</Event></UpgradeLog>