<?xml version="1.0" encoding="UTF-8"?><?xml-stylesheet type='text/xsl' href='_UpgradeReport_Files/UpgradeReport.xslt'?><UpgradeLog>
<Properties><Property Name="Solution" Value="CustAccounts_1-To-many">
</Property><Property Name="Solution File" Value="G:\JAVA C#\Class_07_(10-June-2013)\4.3 Association Relationship\Solutions\CustAccounts_One-To-many\CustAccounts_1-To-many.sln">
</Property><Property Name="User Options File" Value="G:\JAVA C#\Class_07_(10-June-2013)\4.3 Association Relationship\Solutions\CustAccounts_One-To-many\CustAccounts_1-To-many.suo">
</Property><Property Name="Date" Value="Thursday, September 27, 2018">
</Property><Property Name="Time" Value="19:33 PM">
</Property></Properties><Event ErrorLevel="0" Project="" Source="CustAccounts_1-To-many.sln" Description="File successfully backed up as G:\JAVA C#\Class_07_(10-June-2013)\4.3 Association Relationship\Solutions\CustAccounts_One-To-many\Backup\CustAccounts_1-To-many.sln">
</Event><Event ErrorLevel="0" Project="" Source="CustAccounts_1-To-many.suo" Description="File successfully backed up as G:\JAVA C#\Class_07_(10-June-2013)\4.3 Association Relationship\Solutions\CustAccounts_One-To-many\Backup\CustAccounts_1-To-many.suo">
</Event><Event ErrorLevel="0" Project="CustAccounts_1-To-many" Source="CustAccounts_1-To-many\CustAccounts_1-To-many.csproj" Description="Project file successfully backed up as G:\JAVA C#\Class_07_(10-June-2013)\4.3 Association Relationship\Solutions\CustAccounts_One-To-many\Backup\CustAccounts_1-To-many\CustAccounts_1-To-many.csproj">
</Event><Event ErrorLevel="0" Project="CustAccounts_1-To-many" Source="CustAccounts_1-To-many\CustAccounts_1-To-many.csproj.user" Description="Project user file successfully backed up as G:\JAVA C#\Class_07_(10-June-2013)\4.3 Association Relationship\Solutions\CustAccounts_One-To-many\Backup\CustAccounts_1-To-many\CustAccounts_1-To-many.csproj.user">
</Event><Event ErrorLevel="0" Project="CustAccounts_1-To-many" Source="CustAccounts_1-To-many\Account.cs" Description="File successfully backed up as G:\JAVA C#\Class_07_(10-June-2013)\4.3 Association Relationship\Solutions\CustAccounts_One-To-many\Backup\CustAccounts_1-To-many\Account.cs">
</Event><Event ErrorLevel="0" Project="CustAccounts_1-To-many" Source="CustAccounts_1-To-many\Bank.cs" Description="File successfully backed up as G:\JAVA C#\Class_07_(10-June-2013)\4.3 Association Relationship\Solutions\CustAccounts_One-To-many\Backup\CustAccounts_1-To-many\Bank.cs">
</Event><Event ErrorLevel="0" Project="CustAccounts_1-To-many" Source="CustAccounts_1-To-many\BankAccountUI.cs" Description="File successfully backed up as G:\JAVA C#\Class_07_(10-June-2013)\4.3 Association Relationship\Solutions\CustAccounts_One-To-many\Backup\CustAccounts_1-To-many\BankAccountUI.cs">
</Event><Event ErrorLevel="0" Project="CustAccounts_1-To-many" Source="CustAccounts_1-To-many\BankAccountUI.Designer.cs" Description="File successfully backed up as G:\JAVA C#\Class_07_(10-June-2013)\4.3 Association Relationship\Solutions\CustAccounts_One-To-many\Backup\CustAccounts_1-To-many\BankAccountUI.Designer.cs">
</Event><Event ErrorLevel="0" Project="CustAccounts_1-To-many" Source="CustAccounts_1-To-many\Customer.cs" Description="File successfully backed up as G:\JAVA C#\Class_07_(10-June-2013)\4.3 Association Relationship\Solutions\CustAccounts_One-To-many\Backup\CustAccounts_1-To-many\Customer.cs">
</Event><Event ErrorLevel="0" Project="CustAccounts_1-To-many" Source="CustAccounts_1-To-many\Program.cs" Description="File successfully backed up as G:\JAVA C#\Class_07_(10-June-2013)\4.3 Association Relationship\Solutions\CustAccounts_One-To-many\Backup\CustAccounts_1-To-many\Program.cs">
</Event><Event ErrorLevel="0" Project="CustAccounts_1-To-many" Source="CustAccounts_1-To-many\Properties\AssemblyInfo.cs" Description="File successfully backed up as G:\JAVA C#\Class_07_(10-June-2013)\4.3 Association Relationship\Solutions\CustAccounts_One-To-many\Backup\CustAccounts_1-To-many\Properties\AssemblyInfo.cs">
</Event><Event ErrorLevel="0" Project="CustAccounts_1-To-many" Source="CustAccounts_1-To-many\Properties\Resources.Designer.cs" Description="File successfully backed up as G:\JAVA C#\Class_07_(10-June-2013)\4.3 Association Relationship\Solutions\CustAccounts_One-To-many\Backup\CustAccounts_1-To-many\Properties\Resources.Designer.cs">
</Event><Event ErrorLevel="0" Project="CustAccounts_1-To-many" Source="CustAccounts_1-To-many\Properties\Settings.Designer.cs" Description="File successfully backed up as G:\JAVA C#\Class_07_(10-June-2013)\4.3 Association Relationship\Solutions\CustAccounts_One-To-many\Backup\CustAccounts_1-To-many\Properties\Settings.Designer.cs">
</Event><Event ErrorLevel="0" Project="CustAccounts_1-To-many" Source="CustAccounts_1-To-many\Properties\Settings.settings" Description="File successfully backed up as G:\JAVA C#\Class_07_(10-June-2013)\4.3 Association Relationship\Solutions\CustAccounts_One-To-many\Backup\CustAccounts_1-To-many\Properties\Settings.settings">
</Event><Event ErrorLevel="0" Project="CustAccounts_1-To-many" Source="CustAccounts_1-To-many\BankAccountUI.resx" Description="File successfully backed up as G:\JAVA C#\Class_07_(10-June-2013)\4.3 Association Relationship\Solutions\CustAccounts_One-To-many\Backup\CustAccounts_1-To-many\BankAccountUI.resx">
</Event><Event ErrorLevel="0" Project="CustAccounts_1-To-many" Source="CustAccounts_1-To-many\Properties\Resources.resx" Description="File successfully backed up as G:\JAVA C#\Class_07_(10-June-2013)\4.3 Association Relationship\Solutions\CustAccounts_One-To-many\Backup\CustAccounts_1-To-many\Properties\Resources.resx">
</Event><Event ErrorLevel="1" Project="CustAccounts_1-To-many" Source="CustAccounts_1-To-many\CustAccounts_1-To-many.csproj" Description="Your project is targeting .NET Framework 2.0 or 3.0. If your project uses assemblies requiring a newer .NET Framework, your project will fail to build. You can change the .NET Framework version by clicking Properties on the project menu and then selecting a new version in the '.NET Framework' dropdown box. (In Visual Basic, this is located on the Compile tab by clicking the 'Advanced Compiler Options...' button.)">
</Event><Event ErrorLevel="0" Project="CustAccounts_1-To-many" Source="CustAccounts_1-To-many\CustAccounts_1-To-many.csproj" Description="Project converted successfully">
</Event><Event ErrorLevel="3" Project="CustAccounts_1-To-many" Source="CustAccounts_1-To-many\CustAccounts_1-To-many.csproj" Description="Converted">
</Event><Event ErrorLevel="0" Project="" Source="CustAccounts_1-To-many.sln" Description="Solution converted successfully">
</Event><Event ErrorLevel="3" Project="" Source="CustAccounts_1-To-many.sln" Description="Converted">
</Event><Event ErrorLevel="0" Project="CustAccounts_1-To-many" Source="CustAccounts_1-To-many\CustAccounts_1-To-many.csproj" Description="Scan complete: Upgrade not required for project files.">
</Event></UpgradeLog>