<?xml version="1.0" encoding="UTF-8"?><?xml-stylesheet type='text/xsl' href='_UpgradeReport_Files/UpgradeReport.xslt'?><UpgradeLog>
<Properties><Property Name="Solution" Value="StudentInformationUsingUserDefinedType">
</Property><Property Name="Solution File" Value="G:\JAVA C#\Class_02_(01-June-2013)\01-June-2013\2. User Define Type\Basic Practices\StudentInformationUsingUserDefinedType\StudentInformationUsingUserDefinedType.sln">
</Property><Property Name="User Options File" Value="G:\JAVA C#\Class_02_(01-June-2013)\01-June-2013\2. User Define Type\Basic Practices\StudentInformationUsingUserDefinedType\StudentInformationUsingUserDefinedType.suo">
</Property><Property Name="Date" Value="Monday, October 08, 2018">
</Property><Property Name="Time" Value="12:40 PM">
</Property></Properties><Event ErrorLevel="0" Project="" Source="StudentInformationUsingUserDefinedType.sln" Description="File successfully backed up as G:\JAVA C#\Class_02_(01-June-2013)\01-June-2013\2. User Define Type\Basic Practices\StudentInformationUsingUserDefinedType\Backup\StudentInformationUsingUserDefinedType.sln">
</Event><Event ErrorLevel="0" Project="" Source="StudentInformationUsingUserDefinedType.suo" Description="File successfully backed up as G:\JAVA C#\Class_02_(01-June-2013)\01-June-2013\2. User Define Type\Basic Practices\StudentInformationUsingUserDefinedType\Backup\StudentInformationUsingUserDefinedType.suo">
</Event><Event ErrorLevel="2" Project="StudentInformationUsingUserDefinedType" Source="StudentInformationUsingUserDefinedType\StudentInformationUsingUserDefinedType.csproj" Description="Unable to open project file to perform upgrade.  ">
</Event><Event ErrorLevel="0" Project="" Source="StudentInformationUsingUserDefinedType.sln" Description="Solution converted successfully">
</Event><Event ErrorLevel="3" Project="" Source="StudentInformationUsingUserDefinedType.sln" Description="Converted">
</Event></UpgradeLog>