<?xml version="1.0" encoding="UTF-8"?><?xml-stylesheet type='text/xsl' href='_UpgradeReport_Files/UpgradeReport.xslt'?><UpgradeLog>
<Properties><Property Name="Solution" Value="BankAccountOperation">
</Property><Property Name="Solution File" Value="D:\OOP Training (.Net) @ BASIS\Course Content - CSharp\3. OOP\3.1 Basic Concept\Solutions\BankAccountOperation\BankAccountOperation.sln">
</Property><Property Name="User Options File" Value="D:\OOP Training (.Net) @ BASIS\Course Content - CSharp\3. OOP\3.1 Basic Concept\Solutions\BankAccountOperation\BankAccountOperation.suo">
</Property><Property Name="Date" Value="Friday, February 17, 2012">
</Property><Property Name="Time" Value="17:05 PM">
</Property></Properties><Event ErrorLevel="0" Project="" Source="BankAccountOperation.sln" Description="File successfully backed up as D:\OOP Training (.Net) @ BASIS\Course Content - CSharp\3. OOP\3.1 Basic Concept\Solutions\BankAccountOperation\Backup\BankAccountOperation.sln">
</Event><Event ErrorLevel="0" Project="" Source="BankAccountOperation.suo" Description="File successfully backed up as D:\OOP Training (.Net) @ BASIS\Course Content - CSharp\3. OOP\3.1 Basic Concept\Solutions\BankAccountOperation\Backup\BankAccountOperation.suo">
</Event><Event ErrorLevel="0" Project="BankAccountOperation" Source="BankAccountOperation\BankAccountOperation.csproj" Description="Project file successfully backed up as D:\OOP Training (.Net) @ BASIS\Course Content - CSharp\3. OOP\3.1 Basic Concept\Solutions\BankAccountOperation\Backup\BankAccountOperation\BankAccountOperation.csproj">
</Event><Event ErrorLevel="0" Project="BankAccountOperation" Source="BankAccountOperation\Account.cs" Description="File successfully backed up as D:\OOP Training (.Net) @ BASIS\Course Content - CSharp\3. OOP\3.1 Basic Concept\Solutions\BankAccountOperation\Backup\BankAccountOperation\Account.cs">
</Event><Event ErrorLevel="0" Project="BankAccountOperation" Source="BankAccountOperation\AccountOperationUI.cs" Description="File successfully backed up as D:\OOP Training (.Net) @ BASIS\Course Content - CSharp\3. OOP\3.1 Basic Concept\Solutions\BankAccountOperation\Backup\BankAccountOperation\AccountOperationUI.cs">
</Event><Event ErrorLevel="0" Project="BankAccountOperation" Source="BankAccountOperation\AccountOperationUI.Designer.cs" Description="File successfully backed up as D:\OOP Training (.Net) @ BASIS\Course Content - CSharp\3. OOP\3.1 Basic Concept\Solutions\BankAccountOperation\Backup\BankAccountOperation\AccountOperationUI.Designer.cs">
</Event><Event ErrorLevel="0" Project="BankAccountOperation" Source="BankAccountOperation\Program.cs" Description="File successfully backed up as D:\OOP Training (.Net) @ BASIS\Course Content - CSharp\3. OOP\3.1 Basic Concept\Solutions\BankAccountOperation\Backup\BankAccountOperation\Program.cs">
</Event><Event ErrorLevel="0" Project="BankAccountOperation" Source="BankAccountOperation\Properties\AssemblyInfo.cs" Description="File successfully backed up as D:\OOP Training (.Net) @ BASIS\Course Content - CSharp\3. OOP\3.1 Basic Concept\Solutions\BankAccountOperation\Backup\BankAccountOperation\Properties\AssemblyInfo.cs">
</Event><Event ErrorLevel="0" Project="BankAccountOperation" Source="BankAccountOperation\Properties\Resources.Designer.cs" Description="File successfully backed up as D:\OOP Training (.Net) @ BASIS\Course Content - CSharp\3. OOP\3.1 Basic Concept\Solutions\BankAccountOperation\Backup\BankAccountOperation\Properties\Resources.Designer.cs">
</Event><Event ErrorLevel="0" Project="BankAccountOperation" Source="BankAccountOperation\Properties\Settings.Designer.cs" Description="File successfully backed up as D:\OOP Training (.Net) @ BASIS\Course Content - CSharp\3. OOP\3.1 Basic Concept\Solutions\BankAccountOperation\Backup\BankAccountOperation\Properties\Settings.Designer.cs">
</Event><Event ErrorLevel="0" Project="BankAccountOperation" Source="BankAccountOperation\Properties\Settings.settings" Description="File successfully backed up as D:\OOP Training (.Net) @ BASIS\Course Content - CSharp\3. OOP\3.1 Basic Concept\Solutions\BankAccountOperation\Backup\BankAccountOperation\Properties\Settings.settings">
</Event><Event ErrorLevel="0" Project="BankAccountOperation" Source="BankAccountOperation\AccountOperationUI.resx" Description="File successfully backed up as D:\OOP Training (.Net) @ BASIS\Course Content - CSharp\3. OOP\3.1 Basic Concept\Solutions\BankAccountOperation\Backup\BankAccountOperation\AccountOperationUI.resx">
</Event><Event ErrorLevel="0" Project="BankAccountOperation" Source="BankAccountOperation\Properties\Resources.resx" Description="File successfully backed up as D:\OOP Training (.Net) @ BASIS\Course Content - CSharp\3. OOP\3.1 Basic Concept\Solutions\BankAccountOperation\Backup\BankAccountOperation\Properties\Resources.resx">
</Event><Event ErrorLevel="1" Project="BankAccountOperation" Source="BankAccountOperation\BankAccountOperation.csproj" Description="Your project is targeting .NET Framework 2.0 or 3.0. If your project uses assemblies requiring a newer .NET Framework, your project will fail to build. You can change the .NET Framework version by clicking Properties on the project menu and then selecting a new version in the '.NET Framework' dropdown box. (In Visual Basic, this is located on the Compile tab by clicking the 'Advanced Compiler Options...' button.)">
</Event><Event ErrorLevel="0" Project="BankAccountOperation" Source="BankAccountOperation\BankAccountOperation.csproj" Description="Project converted successfully">
</Event><Event ErrorLevel="3" Project="BankAccountOperation" Source="BankAccountOperation\BankAccountOperation.csproj" Description="Converted">
</Event><Event ErrorLevel="0" Project="" Source="BankAccountOperation.sln" Description="Solution converted successfully">
</Event><Event ErrorLevel="3" Project="" Source="BankAccountOperation.sln" Description="Converted">
</Event><Event ErrorLevel="0" Project="BankAccountOperation" Source="BankAccountOperation\BankAccountOperation.csproj" Description="Scan complete: Upgrade not required for project files.">
</Event></UpgradeLog>