<?xml version="1.0" encoding="UTF-8"?><?xml-stylesheet type='text/xsl' href='_UpgradeReport_Files/UpgradeReport.xslt'?><UpgradeLog>
<Properties><Property Name="Solution" Value="StudentInformationPrimitiveType">
</Property><Property Name="Solution File" Value="D:\OOP Training (.Net) @ BASIS\Course Content - CSharp\2. User Define Type\Practice1-StudentExample\StudentInformationPrimitiveType\StudentInformationPrimitiveType.sln">
</Property><Property Name="Date" Value="Monday, February 06, 2012">
</Property><Property Name="Time" Value="16:51 PM">
</Property></Properties><Event ErrorLevel="1" Project="StudentInformationPrimitiveType" Source="StudentInformationPrimitiveType\StudentInformationPrimitiveType.csproj" Description="Your project is targeting .NET Framework 2.0 or 3.0. If your project uses assemblies requiring a newer .NET Framework, your project will fail to build. You can change the .NET Framework version by clicking Properties on the project menu and then selecting a new version in the '.NET Framework' dropdown box. (In Visual Basic, this is located on the Compile tab by clicking the 'Advanced Compiler Options...' button.)">
</Event><Event ErrorLevel="0" Project="StudentInformationPrimitiveType" Source="StudentInformationPrimitiveType\StudentInformationPrimitiveType.csproj" Description="Project converted successfully">
</Event><Event ErrorLevel="3" Project="StudentInformationPrimitiveType" Source="StudentInformationPrimitiveType\StudentInformationPrimitiveType.csproj" Description="Converted">
</Event><Event ErrorLevel="0" Project="" Source="StudentInformationPrimitiveType.sln" Description="Solution converted successfully">
</Event><Event ErrorLevel="3" Project="" Source="StudentInformationPrimitiveType.sln" Description="Converted">
</Event><Event ErrorLevel="0" Project="StudentInformationPrimitiveType" Source="StudentInformationPrimitiveType\StudentInformationPrimitiveType.csproj" Description="Scan complete: Upgrade not required for project files.">
</Event></UpgradeLog>