<?xml version="1.0" encoding="UTF-8"?><?xml-stylesheet type='text/xsl' href='_UpgradeReport_Files/UpgradeReport.xslt'?><UpgradeLog>
<Properties><Property Name="Solution" Value="StudentInformationUsingUserDefinedType">
</Property><Property Name="Solution File" Value="E:\StoreRoom\BASIS Training\Course Content\Couse Content of OOP\2. User Define Type\UserDefinedTypeWithMethod\StudentInformationUsingUserDefinedType.sln">
</Property><Property Name="User Options File" Value="E:\StoreRoom\BASIS Training\Course Content\Couse Content of OOP\2. User Define Type\UserDefinedTypeWithMethod\StudentInformationUsingUserDefinedType.suo">
</Property><Property Name="Date" Value="Friday, September 14, 2012">
</Property><Property Name="Time" Value="13:25 PM">
</Property></Properties><Event ErrorLevel="0" Project="" Source="StudentInformationUsingUserDefinedType.sln" Description="File successfully backed up as E:\StoreRoom\BASIS Training\Course Content\Couse Content of OOP\2. User Define Type\UserDefinedTypeWithMethod\Backup\StudentInformationUsingUserDefinedType.sln">
</Event><Event ErrorLevel="0" Project="" Source="StudentInformationUsingUserDefinedType.suo" Description="File successfully backed up as E:\StoreRoom\BASIS Training\Course Content\Couse Content of OOP\2. User Define Type\UserDefinedTypeWithMethod\Backup\StudentInformationUsingUserDefinedType.suo">
</Event><Event ErrorLevel="0" Project="StudentInformationUsingUserDefinedType" Source="StudentInformationUsingUserDefinedType\StudentInformationUsingUserDefinedType.csproj" Description="Project file successfully backed up as E:\StoreRoom\BASIS Training\Course Content\Couse Content of OOP\2. User Define Type\UserDefinedTypeWithMethod\Backup\StudentInformationUsingUserDefinedType\StudentInformationUsingUserDefinedType.csproj">
</Event><Event ErrorLevel="0" Project="StudentInformationUsingUserDefinedType" Source="StudentInformationUsingUserDefinedType\Program.cs" Description="File successfully backed up as E:\StoreRoom\BASIS Training\Course Content\Couse Content of OOP\2. User Define Type\UserDefinedTypeWithMethod\Backup\StudentInformationUsingUserDefinedType\Program.cs">
</Event><Event ErrorLevel="0" Project="StudentInformationUsingUserDefinedType" Source="StudentInformationUsingUserDefinedType\Properties\AssemblyInfo.cs" Description="File successfully backed up as E:\StoreRoom\BASIS Training\Course Content\Couse Content of OOP\2. User Define Type\UserDefinedTypeWithMethod\Backup\StudentInformationUsingUserDefinedType\Properties\AssemblyInfo.cs">
</Event><Event ErrorLevel="0" Project="StudentInformationUsingUserDefinedType" Source="StudentInformationUsingUserDefinedType\Properties\Resources.Designer.cs" Description="File successfully backed up as E:\StoreRoom\BASIS Training\Course Content\Couse Content of OOP\2. User Define Type\UserDefinedTypeWithMethod\Backup\StudentInformationUsingUserDefinedType\Properties\Resources.Designer.cs">
</Event><Event ErrorLevel="0" Project="StudentInformationUsingUserDefinedType" Source="StudentInformationUsingUserDefinedType\Properties\Settings.Designer.cs" Description="File successfully backed up as E:\StoreRoom\BASIS Training\Course Content\Couse Content of OOP\2. User Define Type\UserDefinedTypeWithMethod\Backup\StudentInformationUsingUserDefinedType\Properties\Settings.Designer.cs">
</Event><Event ErrorLevel="0" Project="StudentInformationUsingUserDefinedType" Source="StudentInformationUsingUserDefinedType\Student.cs" Description="File successfully backed up as E:\StoreRoom\BASIS Training\Course Content\Couse Content of OOP\2. User Define Type\UserDefinedTypeWithMethod\Backup\StudentInformationUsingUserDefinedType\Student.cs">
</Event><Event ErrorLevel="0" Project="StudentInformationUsingUserDefinedType" Source="StudentInformationUsingUserDefinedType\StudentInformationUI.cs" Description="File successfully backed up as E:\StoreRoom\BASIS Training\Course Content\Couse Content of OOP\2. User Define Type\UserDefinedTypeWithMethod\Backup\StudentInformationUsingUserDefinedType\StudentInformationUI.cs">
</Event><Event ErrorLevel="0" Project="StudentInformationUsingUserDefinedType" Source="StudentInformationUsingUserDefinedType\StudentInformationUI.Designer.cs" Description="File successfully backed up as E:\StoreRoom\BASIS Training\Course Content\Couse Content of OOP\2. User Define Type\UserDefinedTypeWithMethod\Backup\StudentInformationUsingUserDefinedType\StudentInformationUI.Designer.cs">
</Event><Event ErrorLevel="0" Project="StudentInformationUsingUserDefinedType" Source="StudentInformationUsingUserDefinedType\Properties\Settings.settings" Description="File successfully backed up as E:\StoreRoom\BASIS Training\Course Content\Couse Content of OOP\2. User Define Type\UserDefinedTypeWithMethod\Backup\StudentInformationUsingUserDefinedType\Properties\Settings.settings">
</Event><Event ErrorLevel="0" Project="StudentInformationUsingUserDefinedType" Source="StudentInformationUsingUserDefinedType\Properties\Resources.resx" Description="File successfully backed up as E:\StoreRoom\BASIS Training\Course Content\Couse Content of OOP\2. User Define Type\UserDefinedTypeWithMethod\Backup\StudentInformationUsingUserDefinedType\Properties\Resources.resx">
</Event><Event ErrorLevel="0" Project="StudentInformationUsingUserDefinedType" Source="StudentInformationUsingUserDefinedType\StudentInformationUI.resx" Description="File successfully backed up as E:\StoreRoom\BASIS Training\Course Content\Couse Content of OOP\2. User Define Type\UserDefinedTypeWithMethod\Backup\StudentInformationUsingUserDefinedType\StudentInformationUI.resx">
</Event><Event ErrorLevel="1" Project="StudentInformationUsingUserDefinedType" Source="StudentInformationUsingUserDefinedType\StudentInformationUsingUserDefinedType.csproj" Description="Your project is targeting .NET Framework 2.0 or 3.0. If your project uses assemblies requiring a newer .NET Framework, your project will fail to build. You can change the .NET Framework version by clicking Properties on the project menu and then selecting a new version in the '.NET Framework' dropdown box. (In Visual Basic, this is located on the Compile tab by clicking the 'Advanced Compiler Options...' button.)">
</Event><Event ErrorLevel="0" Project="StudentInformationUsingUserDefinedType" Source="StudentInformationUsingUserDefinedType\StudentInformationUsingUserDefinedType.csproj" Description="Project converted successfully">
</Event><Event ErrorLevel="3" Project="StudentInformationUsingUserDefinedType" Source="StudentInformationUsingUserDefinedType\StudentInformationUsingUserDefinedType.csproj" Description="Converted">
</Event><Event ErrorLevel="0" Project="" Source="StudentInformationUsingUserDefinedType.sln" Description="Solution converted successfully">
</Event><Event ErrorLevel="3" Project="" Source="StudentInformationUsingUserDefinedType.sln" Description="Converted">
</Event><Event ErrorLevel="0" Project="StudentInformationUsingUserDefinedType" Source="StudentInformationUsingUserDefinedType\StudentInformationUsingUserDefinedType.csproj" Description="Scan complete: Upgrade not required for project files.">
</Event></UpgradeLog>