<?xml version="1.0" encoding="UTF-8"?><?xml-stylesheet type='text/xsl' href='_UpgradeReport_Files/UpgradeReport.xslt'?><UpgradeLog>
<Properties><Property Name="Solution" Value="AddingFiveNumbers">
</Property><Property Name="Solution File" Value="D:\BASIS Training\Course Content\Couse Content of OOP\1. C# Fundamental\Part3\AddingFiveNumbers\AddingFiveNumbers.sln">
</Property><Property Name="User Options File" Value="D:\BASIS Training\Course Content\Couse Content of OOP\1. C# Fundamental\Part3\AddingFiveNumbers\AddingFiveNumbers.suo">
</Property><Property Name="Date" Value="Saturday, June 02, 2012">
</Property><Property Name="Time" Value="0:13 AM">
</Property></Properties><Event ErrorLevel="0" Project="" Source="AddingFiveNumbers.sln" Description="File successfully backed up as D:\BASIS Training\Course Content\Couse Content of OOP\1. C# Fundamental\Part3\AddingFiveNumbers\Backup\AddingFiveNumbers.sln">
</Event><Event ErrorLevel="0" Project="" Source="AddingFiveNumbers.suo" Description="File successfully backed up as D:\BASIS Training\Course Content\Couse Content of OOP\1. C# Fundamental\Part3\AddingFiveNumbers\Backup\AddingFiveNumbers.suo">
</Event><Event ErrorLevel="0" Project="AddingFiveNumbers" Source="AddingFiveNumbers\AddingFiveNumbers.csproj" Description="Project file successfully backed up as D:\BASIS Training\Course Content\Couse Content of OOP\1. C# Fundamental\Part3\AddingFiveNumbers\Backup\AddingFiveNumbers\AddingFiveNumbers.csproj">
</Event><Event ErrorLevel="0" Project="AddingFiveNumbers" Source="AddingFiveNumbers\Program.cs" Description="File successfully backed up as D:\BASIS Training\Course Content\Couse Content of OOP\1. C# Fundamental\Part3\AddingFiveNumbers\Backup\AddingFiveNumbers\Program.cs">
</Event><Event ErrorLevel="0" Project="AddingFiveNumbers" Source="AddingFiveNumbers\Properties\AssemblyInfo.cs" Description="File successfully backed up as D:\BASIS Training\Course Content\Couse Content of OOP\1. C# Fundamental\Part3\AddingFiveNumbers\Backup\AddingFiveNumbers\Properties\AssemblyInfo.cs">
</Event><Event ErrorLevel="1" Project="AddingFiveNumbers" Source="AddingFiveNumbers\AddingFiveNumbers.csproj" Description="Your project is targeting .NET Framework 2.0 or 3.0. If your project uses assemblies requiring a newer .NET Framework, your project will fail to build. You can change the .NET Framework version by clicking Properties on the project menu and then selecting a new version in the '.NET Framework' dropdown box. (In Visual Basic, this is located on the Compile tab by clicking the 'Advanced Compiler Options...' button.)">
</Event><Event ErrorLevel="0" Project="AddingFiveNumbers" Source="AddingFiveNumbers\AddingFiveNumbers.csproj" Description="Project converted successfully">
</Event><Event ErrorLevel="3" Project="AddingFiveNumbers" Source="AddingFiveNumbers\AddingFiveNumbers.csproj" Description="Converted">
</Event><Event ErrorLevel="0" Project="" Source="AddingFiveNumbers.sln" Description="Solution converted successfully">
</Event><Event ErrorLevel="3" Project="" Source="AddingFiveNumbers.sln" Description="Converted">
</Event><Event ErrorLevel="0" Project="AddingFiveNumbers" Source="AddingFiveNumbers\AddingFiveNumbers.csproj" Description="Scan complete: Upgrade not required for project files.">
</Event></UpgradeLog>