<?xml version="1.0" encoding="UTF-8"?><?xml-stylesheet type='text/xsl' href='_UpgradeReport_Files/UpgradeReport.xslt'?><UpgradeLog>
<Properties><Property Name="Solution" Value="Practice2">
</Property><Property Name="Solution File" Value="D:\OOP Training (.Net) @ BASIS\Course Content - CSharp\2. User Define Type\Advanced Practices\Solution\Practice2\Practice2.sln">
</Property><Property Name="User Options File" Value="D:\OOP Training (.Net) @ BASIS\Course Content - CSharp\2. User Define Type\Advanced Practices\Solution\Practice2\Practice2.suo">
</Property><Property Name="Date" Value="Monday, February 06, 2012">
</Property><Property Name="Time" Value="16:59 PM">
</Property></Properties><Event ErrorLevel="0" Project="" Source="Practice2.sln" Description="File successfully backed up as D:\OOP Training (.Net) @ BASIS\Course Content - CSharp\2. User Define Type\Advanced Practices\Solution\Practice2\Backup\Practice2.sln">
</Event><Event ErrorLevel="0" Project="" Source="Practice2.suo" Description="File successfully backed up as D:\OOP Training (.Net) @ BASIS\Course Content - CSharp\2. User Define Type\Advanced Practices\Solution\Practice2\Backup\Practice2.suo">
</Event><Event ErrorLevel="0" Project="Practice2" Source="Practice2\Practice2.csproj" Description="Project file successfully backed up as D:\OOP Training (.Net) @ BASIS\Course Content - CSharp\2. User Define Type\Advanced Practices\Solution\Practice2\Backup\Practice2\Practice2.csproj">
</Event><Event ErrorLevel="0" Project="Practice2" Source="Practice2\Practice2.csproj.user" Description="Project user file successfully backed up as D:\OOP Training (.Net) @ BASIS\Course Content - CSharp\2. User Define Type\Advanced Practices\Solution\Practice2\Backup\Practice2\Practice2.csproj.user">
</Event><Event ErrorLevel="0" Project="Practice2" Source="Practice2\StudentInformationUI.cs" Description="File successfully backed up as D:\OOP Training (.Net) @ BASIS\Course Content - CSharp\2. User Define Type\Advanced Practices\Solution\Practice2\Backup\Practice2\StudentInformationUI.cs">
</Event><Event ErrorLevel="0" Project="Practice2" Source="Practice2\StudentInformationUI.Designer.cs" Description="File successfully backed up as D:\OOP Training (.Net) @ BASIS\Course Content - CSharp\2. User Define Type\Advanced Practices\Solution\Practice2\Backup\Practice2\StudentInformationUI.Designer.cs">
</Event><Event ErrorLevel="0" Project="Practice2" Source="Practice2\Program.cs" Description="File successfully backed up as D:\OOP Training (.Net) @ BASIS\Course Content - CSharp\2. User Define Type\Advanced Practices\Solution\Practice2\Backup\Practice2\Program.cs">
</Event><Event ErrorLevel="0" Project="Practice2" Source="Practice2\Properties\AssemblyInfo.cs" Description="File successfully backed up as D:\OOP Training (.Net) @ BASIS\Course Content - CSharp\2. User Define Type\Advanced Practices\Solution\Practice2\Backup\Practice2\Properties\AssemblyInfo.cs">
</Event><Event ErrorLevel="0" Project="Practice2" Source="Practice2\Properties\Resources.Designer.cs" Description="File successfully backed up as D:\OOP Training (.Net) @ BASIS\Course Content - CSharp\2. User Define Type\Advanced Practices\Solution\Practice2\Backup\Practice2\Properties\Resources.Designer.cs">
</Event><Event ErrorLevel="0" Project="Practice2" Source="Practice2\Properties\Settings.Designer.cs" Description="File successfully backed up as D:\OOP Training (.Net) @ BASIS\Course Content - CSharp\2. User Define Type\Advanced Practices\Solution\Practice2\Backup\Practice2\Properties\Settings.Designer.cs">
</Event><Event ErrorLevel="0" Project="Practice2" Source="Practice2\Student.cs" Description="File successfully backed up as D:\OOP Training (.Net) @ BASIS\Course Content - CSharp\2. User Define Type\Advanced Practices\Solution\Practice2\Backup\Practice2\Student.cs">
</Event><Event ErrorLevel="0" Project="Practice2" Source="Practice2\Properties\Settings.settings" Description="File successfully backed up as D:\OOP Training (.Net) @ BASIS\Course Content - CSharp\2. User Define Type\Advanced Practices\Solution\Practice2\Backup\Practice2\Properties\Settings.settings">
</Event><Event ErrorLevel="0" Project="Practice2" Source="Practice2\StudentInformationUI.resx" Description="File successfully backed up as D:\OOP Training (.Net) @ BASIS\Course Content - CSharp\2. User Define Type\Advanced Practices\Solution\Practice2\Backup\Practice2\StudentInformationUI.resx">
</Event><Event ErrorLevel="0" Project="Practice2" Source="Practice2\Properties\Resources.resx" Description="File successfully backed up as D:\OOP Training (.Net) @ BASIS\Course Content - CSharp\2. User Define Type\Advanced Practices\Solution\Practice2\Backup\Practice2\Properties\Resources.resx">
</Event><Event ErrorLevel="1" Project="Practice2" Source="Practice2\Practice2.csproj" Description="Your project is targeting .NET Framework 2.0 or 3.0. If your project uses assemblies requiring a newer .NET Framework, your project will fail to build. You can change the .NET Framework version by clicking Properties on the project menu and then selecting a new version in the '.NET Framework' dropdown box. (In Visual Basic, this is located on the Compile tab by clicking the 'Advanced Compiler Options...' button.)">
</Event><Event ErrorLevel="0" Project="Practice2" Source="Practice2\Practice2.csproj" Description="Project converted successfully">
</Event><Event ErrorLevel="3" Project="Practice2" Source="Practice2\Practice2.csproj" Description="Converted">
</Event><Event ErrorLevel="0" Project="" Source="Practice2.sln" Description="Solution converted successfully">
</Event><Event ErrorLevel="3" Project="" Source="Practice2.sln" Description="Converted">
</Event><Event ErrorLevel="0" Project="Practice2" Source="Practice2\Practice2.csproj" Description="Scan complete: Upgrade not required for project files.">
</Event></UpgradeLog>