<?xml version="1.0" encoding="UTF-8"?><?xml-stylesheet type='text/xsl' href='_UpgradeReport_Files/UpgradeReport.xslt'?><UpgradeLog>
<Properties><Property Name="Solution" Value="EmployeeSalaryCalculation">
</Property><Property Name="Solution File" Value="D:\OOP Training (.Net) @ BASIS\.Net Course Content\.Net Course Content\4. OOP\4.1 Basic Concept\Solutions\EmployeeSalary\EmployeeSalaryCalculation.sln">
</Property><Property Name="User Options File" Value="D:\OOP Training (.Net) @ BASIS\.Net Course Content\.Net Course Content\4. OOP\4.1 Basic Concept\Solutions\EmployeeSalary\EmployeeSalaryCalculation.suo">
</Property><Property Name="Date" Value="Wednesday, November 21, 2012">
</Property><Property Name="Time" Value="19:02 PM">
</Property></Properties><Event ErrorLevel="0" Project="" Source="EmployeeSalaryCalculation.sln" Description="File successfully backed up as D:\OOP Training (.Net) @ BASIS\.Net Course Content\.Net Course Content\4. OOP\4.1 Basic Concept\Solutions\EmployeeSalary\Backup\EmployeeSalaryCalculation.sln">
</Event><Event ErrorLevel="0" Project="" Source="EmployeeSalaryCalculation.suo" Description="File successfully backed up as D:\OOP Training (.Net) @ BASIS\.Net Course Content\.Net Course Content\4. OOP\4.1 Basic Concept\Solutions\EmployeeSalary\Backup\EmployeeSalaryCalculation.suo">
</Event><Event ErrorLevel="0" Project="EmployeeSalaryCalculation" Source="EmployeeSalary\EmployeeSalaryCalculation.csproj" Description="Project file successfully backed up as D:\OOP Training (.Net) @ BASIS\.Net Course Content\.Net Course Content\4. OOP\4.1 Basic Concept\Solutions\EmployeeSalary\Backup\EmployeeSalary\EmployeeSalaryCalculation.csproj">
</Event><Event ErrorLevel="0" Project="EmployeeSalaryCalculation" Source="EmployeeSalary\Employee.cs" Description="File successfully backed up as D:\OOP Training (.Net) @ BASIS\.Net Course Content\.Net Course Content\4. OOP\4.1 Basic Concept\Solutions\EmployeeSalary\Backup\EmployeeSalary\Employee.cs">
</Event><Event ErrorLevel="0" Project="EmployeeSalaryCalculation" Source="EmployeeSalary\EmployeeSalaryUI.cs" Description="File successfully backed up as D:\OOP Training (.Net) @ BASIS\.Net Course Content\.Net Course Content\4. OOP\4.1 Basic Concept\Solutions\EmployeeSalary\Backup\EmployeeSalary\EmployeeSalaryUI.cs">
</Event><Event ErrorLevel="0" Project="EmployeeSalaryCalculation" Source="EmployeeSalary\EmployeeSalaryUI.Designer.cs" Description="File successfully backed up as D:\OOP Training (.Net) @ BASIS\.Net Course Content\.Net Course Content\4. OOP\4.1 Basic Concept\Solutions\EmployeeSalary\Backup\EmployeeSalary\EmployeeSalaryUI.Designer.cs">
</Event><Event ErrorLevel="0" Project="EmployeeSalaryCalculation" Source="EmployeeSalary\Program.cs" Description="File successfully backed up as D:\OOP Training (.Net) @ BASIS\.Net Course Content\.Net Course Content\4. OOP\4.1 Basic Concept\Solutions\EmployeeSalary\Backup\EmployeeSalary\Program.cs">
</Event><Event ErrorLevel="0" Project="EmployeeSalaryCalculation" Source="EmployeeSalary\Properties\AssemblyInfo.cs" Description="File successfully backed up as D:\OOP Training (.Net) @ BASIS\.Net Course Content\.Net Course Content\4. OOP\4.1 Basic Concept\Solutions\EmployeeSalary\Backup\EmployeeSalary\Properties\AssemblyInfo.cs">
</Event><Event ErrorLevel="0" Project="EmployeeSalaryCalculation" Source="EmployeeSalary\Properties\Resources.Designer.cs" Description="File successfully backed up as D:\OOP Training (.Net) @ BASIS\.Net Course Content\.Net Course Content\4. OOP\4.1 Basic Concept\Solutions\EmployeeSalary\Backup\EmployeeSalary\Properties\Resources.Designer.cs">
</Event><Event ErrorLevel="0" Project="EmployeeSalaryCalculation" Source="EmployeeSalary\Properties\Settings.Designer.cs" Description="File successfully backed up as D:\OOP Training (.Net) @ BASIS\.Net Course Content\.Net Course Content\4. OOP\4.1 Basic Concept\Solutions\EmployeeSalary\Backup\EmployeeSalary\Properties\Settings.Designer.cs">
</Event><Event ErrorLevel="0" Project="EmployeeSalaryCalculation" Source="EmployeeSalary\Salary.cs" Description="File successfully backed up as D:\OOP Training (.Net) @ BASIS\.Net Course Content\.Net Course Content\4. OOP\4.1 Basic Concept\Solutions\EmployeeSalary\Backup\EmployeeSalary\Salary.cs">
</Event><Event ErrorLevel="0" Project="EmployeeSalaryCalculation" Source="EmployeeSalary\Properties\Settings.settings" Description="File successfully backed up as D:\OOP Training (.Net) @ BASIS\.Net Course Content\.Net Course Content\4. OOP\4.1 Basic Concept\Solutions\EmployeeSalary\Backup\EmployeeSalary\Properties\Settings.settings">
</Event><Event ErrorLevel="0" Project="EmployeeSalaryCalculation" Source="EmployeeSalary\EmployeeSalaryUI.resx" Description="File successfully backed up as D:\OOP Training (.Net) @ BASIS\.Net Course Content\.Net Course Content\4. OOP\4.1 Basic Concept\Solutions\EmployeeSalary\Backup\EmployeeSalary\EmployeeSalaryUI.resx">
</Event><Event ErrorLevel="0" Project="EmployeeSalaryCalculation" Source="EmployeeSalary\Properties\Resources.resx" Description="File successfully backed up as D:\OOP Training (.Net) @ BASIS\.Net Course Content\.Net Course Content\4. OOP\4.1 Basic Concept\Solutions\EmployeeSalary\Backup\EmployeeSalary\Properties\Resources.resx">
</Event><Event ErrorLevel="1" Project="EmployeeSalaryCalculation" Source="EmployeeSalary\EmployeeSalaryCalculation.csproj" Description="Your project is targeting .NET Framework 2.0 or 3.0. If your project uses assemblies requiring a newer .NET Framework, your project will fail to build. You can change the .NET Framework version by clicking Properties on the project menu and then selecting a new version in the '.NET Framework' dropdown box. (In Visual Basic, this is located on the Compile tab by clicking the 'Advanced Compiler Options...' button.)">
</Event><Event ErrorLevel="0" Project="EmployeeSalaryCalculation" Source="EmployeeSalary\EmployeeSalaryCalculation.csproj" Description="Project converted successfully">
</Event><Event ErrorLevel="3" Project="EmployeeSalaryCalculation" Source="EmployeeSalary\EmployeeSalaryCalculation.csproj" Description="Converted">
</Event><Event ErrorLevel="0" Project="" Source="EmployeeSalaryCalculation.sln" Description="Solution converted successfully">
</Event><Event ErrorLevel="3" Project="" Source="EmployeeSalaryCalculation.sln" Description="Converted">
</Event><Event ErrorLevel="0" Project="EmployeeSalaryCalculation" Source="EmployeeSalary\EmployeeSalaryCalculation.csproj" Description="Scan complete: Upgrade not required for project files.">
</Event></UpgradeLog>