<?xml version="1.0" encoding="UTF-8"?><?xml-stylesheet type='text/xsl' href='_UpgradeReport_Files/UpgradeReport.xslt'?><UpgradeLog>
<Properties><Property Name="Solution" Value="StudentDept">
</Property><Property Name="Solution File" Value="D:\OOP Training (.Net) @ BASIS\Course Content - CSharp\3. OOP\3.1 Basic Concept\Solutions\StudentDept\StudentDept.sln">
</Property><Property Name="User Options File" Value="D:\OOP Training (.Net) @ BASIS\Course Content - CSharp\3. OOP\3.1 Basic Concept\Solutions\StudentDept\StudentDept.suo">
</Property><Property Name="Date" Value="Friday, February 17, 2012">
</Property><Property Name="Time" Value="17:12 PM">
</Property></Properties><Event ErrorLevel="0" Project="" Source="StudentDept.sln" Description="File successfully backed up as D:\OOP Training (.Net) @ BASIS\Course Content - CSharp\3. OOP\3.1 Basic Concept\Solutions\StudentDept\Backup\StudentDept.sln">
</Event><Event ErrorLevel="0" Project="" Source="StudentDept.suo" Description="File successfully backed up as D:\OOP Training (.Net) @ BASIS\Course Content - CSharp\3. OOP\3.1 Basic Concept\Solutions\StudentDept\Backup\StudentDept.suo">
</Event><Event ErrorLevel="0" Project="StudentDept" Source="StudentDept\StudentDept.csproj" Description="Project file successfully backed up as D:\OOP Training (.Net) @ BASIS\Course Content - CSharp\3. OOP\3.1 Basic Concept\Solutions\StudentDept\Backup\StudentDept\StudentDept.csproj">
</Event><Event ErrorLevel="0" Project="StudentDept" Source="StudentDept\Department.cs" Description="File successfully backed up as D:\OOP Training (.Net) @ BASIS\Course Content - CSharp\3. OOP\3.1 Basic Concept\Solutions\StudentDept\Backup\StudentDept\Department.cs">
</Event><Event ErrorLevel="0" Project="StudentDept" Source="StudentDept\Student.cs" Description="File successfully backed up as D:\OOP Training (.Net) @ BASIS\Course Content - CSharp\3. OOP\3.1 Basic Concept\Solutions\StudentDept\Backup\StudentDept\Student.cs">
</Event><Event ErrorLevel="0" Project="StudentDept" Source="StudentDept\StudentEntryUI.cs" Description="File successfully backed up as D:\OOP Training (.Net) @ BASIS\Course Content - CSharp\3. OOP\3.1 Basic Concept\Solutions\StudentDept\Backup\StudentDept\StudentEntryUI.cs">
</Event><Event ErrorLevel="0" Project="StudentDept" Source="StudentDept\StudentEntryUI.Designer.cs" Description="File successfully backed up as D:\OOP Training (.Net) @ BASIS\Course Content - CSharp\3. OOP\3.1 Basic Concept\Solutions\StudentDept\Backup\StudentDept\StudentEntryUI.Designer.cs">
</Event><Event ErrorLevel="0" Project="StudentDept" Source="StudentDept\Program.cs" Description="File successfully backed up as D:\OOP Training (.Net) @ BASIS\Course Content - CSharp\3. OOP\3.1 Basic Concept\Solutions\StudentDept\Backup\StudentDept\Program.cs">
</Event><Event ErrorLevel="0" Project="StudentDept" Source="StudentDept\Properties\AssemblyInfo.cs" Description="File successfully backed up as D:\OOP Training (.Net) @ BASIS\Course Content - CSharp\3. OOP\3.1 Basic Concept\Solutions\StudentDept\Backup\StudentDept\Properties\AssemblyInfo.cs">
</Event><Event ErrorLevel="0" Project="StudentDept" Source="StudentDept\Properties\Resources.Designer.cs" Description="File successfully backed up as D:\OOP Training (.Net) @ BASIS\Course Content - CSharp\3. OOP\3.1 Basic Concept\Solutions\StudentDept\Backup\StudentDept\Properties\Resources.Designer.cs">
</Event><Event ErrorLevel="0" Project="StudentDept" Source="StudentDept\Properties\Settings.Designer.cs" Description="File successfully backed up as D:\OOP Training (.Net) @ BASIS\Course Content - CSharp\3. OOP\3.1 Basic Concept\Solutions\StudentDept\Backup\StudentDept\Properties\Settings.Designer.cs">
</Event><Event ErrorLevel="0" Project="StudentDept" Source="StudentDept\Properties\Settings.settings" Description="File successfully backed up as D:\OOP Training (.Net) @ BASIS\Course Content - CSharp\3. OOP\3.1 Basic Concept\Solutions\StudentDept\Backup\StudentDept\Properties\Settings.settings">
</Event><Event ErrorLevel="0" Project="StudentDept" Source="StudentDept\StudentEntryUI.resx" Description="File successfully backed up as D:\OOP Training (.Net) @ BASIS\Course Content - CSharp\3. OOP\3.1 Basic Concept\Solutions\StudentDept\Backup\StudentDept\StudentEntryUI.resx">
</Event><Event ErrorLevel="0" Project="StudentDept" Source="StudentDept\Properties\Resources.resx" Description="File successfully backed up as D:\OOP Training (.Net) @ BASIS\Course Content - CSharp\3. OOP\3.1 Basic Concept\Solutions\StudentDept\Backup\StudentDept\Properties\Resources.resx">
</Event><Event ErrorLevel="1" Project="StudentDept" Source="StudentDept\StudentDept.csproj" Description="Your project is targeting .NET Framework 2.0 or 3.0. If your project uses assemblies requiring a newer .NET Framework, your project will fail to build. You can change the .NET Framework version by clicking Properties on the project menu and then selecting a new version in the '.NET Framework' dropdown box. (In Visual Basic, this is located on the Compile tab by clicking the 'Advanced Compiler Options...' button.)">
</Event><Event ErrorLevel="0" Project="StudentDept" Source="StudentDept\StudentDept.csproj" Description="Project converted successfully">
</Event><Event ErrorLevel="3" Project="StudentDept" Source="StudentDept\StudentDept.csproj" Description="Converted">
</Event><Event ErrorLevel="0" Project="" Source="StudentDept.sln" Description="Solution converted successfully">
</Event><Event ErrorLevel="3" Project="" Source="StudentDept.sln" Description="Converted">
</Event><Event ErrorLevel="0" Project="StudentDept" Source="StudentDept\StudentDept.csproj" Description="Scan complete: Upgrade not required for project files.">
</Event></UpgradeLog>